,Arquivo,FRASE,Polaridade,OBJ/SUBJ
0,0_10002.txt,"é um belo produto, tem que ser mas bem programado pois a programação deixa a desejar tem poucas funções mas da pro gasto não é completo mas da pra uzar.",1,subjetiva
1,0_102555.txt,muito bom,1,subjetiva
2,0_118743.txt,produto na minha opiniao poderia sem melhor com mais qualidade de acabamento.,-1,subjetiva
3,0_119563.txt,"Esse notebook possui varios recursos para o entretenimento, bom para jogos e assistir videos e filmes, possui saída de video HDMI, pela qual pode se conectar o notebook a uma TV LCD ou LED com entradas HDMI.",1,subjetiva
4,0_119563.txt,Ótimo para se navegar na internet e tambem para qualquer tipo de trabalho,1,subjetiva
5,0_119601.txt,"é basicamente isso, alem de outros modelos tem melhor recepção pra conexão sem fio.no mais é otimo",1,subjetiva
6,0_133953.txt,É maravilhoso tudo estou a desposição para falar sobre os produtos.,1,subjetiva
7,0_134006.txt,acho deve ser bom !,1,subjetiva
8,0_134006.txt,como posso opnar por algo que não experimentei ?,1,subjetiva
9,0_140243.txt,"Produto bem acima do básico, com boa memória e conectividade.",1,subjetiva
10,0_140243.txt,Valeu pelo custo-benefício.,1,subjetiva
11,0_140370.txt,"ele tem bom preço facil de usar,moderno",1,subjetiva
12,0_144606.txt,"Um ótimo celular, confiável e sem firulas.",1,subjetiva
13,0_144620.txt,Pelo custo para um primeiro Smartphone poderia ser um pouquinho melhor,-1,subjetiva
14,0_151870.txt,Não compraria de novo.,-1,subjetiva
15,0_151870.txt,"Apesar de bonito, tive problemas com ele.",-1,subjetiva
16,0_151870.txt,Estou tentando falar no site da Sony Ericsson e não tem um sistema de Fale Conosco pois estou com receio de que tenha outros problemas.,-1,subjetiva
17,0_151870.txt,Ter que reiniciar o telefone e ficar com a sensação de que a bateria vai acabar a qualquer momento é muito chato.,-1,subjetiva
18,0_151870.txt,"Indico Nokia, nunca tive problemas com esta marca.",-1,subjetiva
19,0_151978.txt,"Se você está pensando em comprar este smartphone pelo preço visando atualização para Android 2.x, esqueça.",-1,subjetiva
20,0_151978.txt,"Não vai haver atualização oficial e as atualizações alternativas podem até funcionar, mas apresentam riscos e perda de garantia.",-1,subjetiva
21,0_15738.txt,"A LG está muito bem no mercado, essa tv é de excelente qualidade, tem várias funções de fácil manuseio.",1,subjetiva
22,0_15738.txt,"O som também é muito bom, os vendedores das lojas disseram que essa era a melhor da categoria se tratando de imagem, isso posso confirmar a voces.",1,subjetiva
23,0_15738.txt,"Mas como nem tudo é como a gente quer, aqui vai uma avaliação negativa, que considero ser muito importante para uma televisão, o controle remoto deixou muito a desejar, achei que fosse um problema apenas do meu controle, pois vc precisa apertar com força os botões, acabei de ler um relato de um modelo anterior com o mesmo problema(modelo LG Flatron RP-29FA35A 29 ).",1,subjetiva
24,0_15738.txt,A LG errou em não ter corrigido esse problema.,1,subjetiva
25,0_16074.txt,"Comprei o produto por que possuo Gravador de DVD da LG, porém a TV não supriu minhas necessidades, uma vez que apresenta no mínimo, qualidade de imagem regular a ruim.",-1,subjetiva
26,0_16074.txt,"Por fora Bela Viola, por dentro, Pão Bolorento...meio que serve para esta TV, uma pena, pois esteticamente é muito bonita.",-1,subjetiva
27,0_174384.txt,"Ótima, mas poderia ser a bateria.",1,subjetiva
28,0_174953.txt,gastei meus pontos a toa podia ter esperadop mais,-1,subjetiva
29,0_18023.txt,Um imagem vale mais que mil palavras.,1,subjetiva
30,0_18023.txt,Quem tem dúvida sobre a qualidade das fotos desta câmera acesse o link: http://www.flickr.com/cameras/pentax/optio_e10/Obs: É preciso ler atentamente o manual de instruções.,1,subjetiva
31,0_18023.txt,Qualquer regulagem indevida ao ambiente ocasionará fotos com deficiência.,1,subjetiva
32,0_18023.txt,"O modo Macro também, é de ótima qualidade proporcionando fotos incríveis de flores, insetos e pequenos objetos!",1,subjetiva
33,0_18303.txt,"O que me atraiu a primeira vista foi o design, mas ele não se limita à beleza, mostrou-se um celular eficiente, prático, além de econômico.",1,subjetiva
34,0_18303.txt,"A bateria dura muito, suas funções são didáticas e seu preço é bastante acessível.",1,subjetiva
35,0_18303.txt,Gostei tanto que comprei um para o meu marido também!,1,subjetiva
36,0_187275.txt,"Tenho uma TV AOC 26, que pifou em menos de 3 meses de uso (não liga).",-1,subjetiva
37,0_187275.txt,"A assistencia tecnica não tinha peças para conserto e nem ela, nem o SAC da AOC podem informar qual o prazo de entrega de peças.",-1,subjetiva
38,0_187275.txt,Resultado é que ficou mais de 15 dias e em menos de 1 semana apresentou o mesmo defeito e já está com mais de 20 dias e assistencia tecnica não tem a mínima ideia de quando terá a peça apenas falou que é melhor não ligar e esperar que eles retornam????,-1,subjetiva
39,0_187275.txt,Não dá para confiar numa empresa assim!!!!!!,-1,subjetiva
40,0_187275.txt,!,-1,subjetiva
41,0_187353.txt,Só compre esta TV se você for utilizar HDMI 100% do tempo e utilizar um Home Theater como saida alternativa de som.,-1,subjetiva
42,0_187353.txt,"Mais uma vez irei lembrá-lo: o som é de péssima qualidade, sem vida, grave ZERO.",-1,subjetiva
43,0_18938.txt,"Adorei o produto, já estou a um ano com ele e não me arrependo em nenhum momento.",1,subjetiva
44,0_2075.txt,"Uma camera com bom custobeneficio, porem desconhecida, o que pode fazer com que ao nessecitar de asistencia tecnica ter dificudades de encontrr peças.",1,subjetiva
45,0_2075.txt,Porem isso é caso raro e seu preço é muito em conta.,1,subjetiva
46,0_22488.txt,"Até agora mostrou-se um note excelente, eu já tive um dell latitude e não me arrependo de ter trocado ele por esse da cce, alem de ser bem rápido a bateria dele durou mais do que o dell antigo que eu tinha.",1,subjetiva
47,0_22488.txt,"Recomendo a compra pois alem de ser mais barato ele entrega o que promete: desempenho por um preço justo, não se prendam as marcas pois todas elas usam os mesmos componentes.",1,subjetiva
48,0_230487.txt,"Desempenho Custo-Benefício Compatibilidade Conectividade Design Bom bom para empresas Lindooooo.… otima frequencia , bom desepenho",1,subjetiva
49,0_232711.txt,"Antes de adquirir um, eu procurei na net tudo sobre ele, seu funcionamento, sua capacidade, desempenho, quantidade de aplicativos disponíveis e comprei tranquilo.",0,objetiva
50,0_232711.txt,"Hoje em dia nem uso mais meu computador pessoal, somente meu IPad.",0,objetiva
51,0_232711.txt,"Chego do trabalho, sento na minha sala e navego na net, jogo e leio meus emails na comodidade do sofá.",0,objetiva
52,0_232711.txt,Além de substituir todos meus cadernos na faculdade e até alguns livros também.,0,objetiva
53,0_232711.txt,"Não tem todas as funções de um computador de mesa, mas supre muito bem as principais necessidades, além de ser prático e pela mobilidade que te proporciona.",0,objetiva
54,0_237006.txt,"o celular moderno e fino,sendo, leve e confortável para se usar",1,subjetiva
55,0_252575.txt,Mais barato que o IPAD e tão bom quanto,1,subjetiva
56,0_252594.txt,"é de ótimo uso, prático, bateria durável, leve",1,subjetiva
57,0_257577.txt,È muito bom eu recomendo.,1,subjetiva
58,0_257592.txt,sinto muito mais eu não compraria outra vezaessa lcd pela imagem,-1,subjetiva
59,0_25831.txt,Excelente desmepenho.,1,subjetiva
60,0_25831.txt,Custo / benefício.,1,subjetiva
61,0_25831.txt,Adquiri e não tive problema algum.,1,subjetiva
62,0_259325.txt,"Gostei do design dele, mas a duração da bateria é muito pouca.",-1,subjetiva
63,0_259386.txt,"Eu até gostei do Tablet, mas a bateria dura muito pouco",-1,subjetiva
64,0_27904.txt,"zoom ótico 3x o que considero muito bom para uma camera neste valor, a imagem é otima e o visor tb é grande",1,subjetiva
65,0_281044.txt,Gente nao comprar vcs vao ter muita dor de cabeça…,-1,subjetiva
66,0_282742.txt,"A MULTILASER DEVERÁ TOMAR UMA PROVIDÊNCIA IMEDIATA, TIPO RECALL NESSES APARELHOS TABLET PC LIFE.",-1,subjetiva
67,0_282742.txt,AO QUE TUDO INDICA E PELA QUANTIDADE DE RECLAMAÇÕES O DEFEITO É DE FABRICAÇÃO.,-1,subjetiva
68,0_282742.txt,NÃO SE CONSEGUE USAR O APARELHO NORMALMENTE.,-1,subjetiva
69,0_282742.txt,"NÃO DURA MAIS DO QUE ALGUNS MINUTOS E LOGO TRAVA, SEM RECURSOS PARA O DESTRAVAMENTE, SÓ DEPOIS QUE A BATERIA DESCARREGAR.",-1,subjetiva
70,0_288857.txt,O produto apresenta problema intermitente com o touchpad.,0,objetiva
71,0_29119.txt,Qualidade do som deprimente.,-1,subjetiva
72,0_29119.txt,Dificil ter conversas com esse telefone.,-1,subjetiva
73,0_29119.txt,Péssimo para escutar e para falar.,-1,subjetiva
74,0_29119.txt,Menu não-amigável.,-1,subjetiva
75,0_29119.txt,Despertador complicado.,-1,subjetiva
76,0_29119.txt,"Péssimo para salvar numeros, chamadas e enviar mensagens.",-1,subjetiva
77,0_29119.txt,"Quem já teve um nokia, jamais vai querer um celular desse.",-1,subjetiva
78,0_29183.txt,um produto de preço acessecivel e com muitos recursos.,0,objetiva
79,0_296824.txt,"Comprei um tablet e em 3 meses de uso ele apresentou um problema na tela relativo a este: http://www.youtube.com/watch?v=IXczZ0sNg6A Parece que tem uma espécie de um resíduo na tela, decorrente de defeito inerente ao produto.",-1,subjetiva
80,0_296824.txt,Pelo que eu percebi esse problema é constante e aparenta ser um defeito de série.,-1,subjetiva
81,0_296824.txt,"Uma empresa séria, por si teria feito recall, mas acontece que não parece ser o caso da Samsung.",-1,subjetiva
82,0_296824.txt,"O pior não é isso nem é o maior problema, em seguida, fazendo uso do tablet moderadamente no que surge outro problema e, muito pior: http://www.youtube.com/watch?v=YSI3XXcV590 Ou seja, a tela está tremendo.",-1,subjetiva
83,0_296824.txt,"Liguei para a Samsung e eles me informaram que se depois de fazer a restauração do produto (ou seja, formatar e perder todos os dados) eu levasse em uma assistência Samsung que eles resolveriam.",-1,subjetiva
84,0_296824.txt,"Em seguida, peguei a nota fiscal do aparelho e me dirigi à assistência me informaram que não fazem reparos em peças internacionais.",-1,subjetiva
85,0_296824.txt,"A empresa é internacional, mas a garantia soy yo!",-1,subjetiva
86,0_296824.txt,NÃO COMPREM,-1,subjetiva
87,0_300012.txt,"Estou para ver melhor custo benefício, o touch é perfeito, ele é rápido, superportátil, leve e bonito... Enfim, é o produto mais prático que eu já conheci.",1,subjetiva
88,0_300012.txt,"A sansung se superou, a câmera fotográfica tem uma boa resolução e a gravação de vídeos é show de bola, a conectividade é fora de série e todo dia descubro um aplicativo interessante.",1,subjetiva
89,0_300012.txt,"A bateria dura cerca de 4 horas para uso intermitente, mas em stand by não consome quase nada.",1,subjetiva
90,0_300012.txt,Comprei o aparelho para a minha filha e acabei dominando.,1,subjetiva
91,0_300457.txt,Quem precisa de um netbook compra na maior confiança pois e otmo,1,subjetiva
92,0_301333,"Produto com design muito bem elaborado e funcional, aliado a um conjunto potente de hardware, o que estimula seu uso tanto para divertimento quanto para trabalho.",1,subjetiva
93,0_309311.txt,"A televisão em si é boa mas, falta uma aceitação maior dos outros canais sim ser4 da tv aberta.",1,subjetiva
94,0_309874.txt,"Quando fui comprar esta TV, que seria destinada ao computador e o video game, somente procurava por um modelo full HD sem conversor, pois não era destinada a assistir programas de TV; Mas pelo preço, optei por leva-la.",1,subjetiva
95,0_309874.txt,"Quando á liguei, fiquei surpreendido, que imagem em HD, melhor do que a que outra que  tenho em casa, que é de uma marca bem mais conhecida e cara.",1,subjetiva
96,0_309874.txt,"Uma ótima quantidade de entradas, sendo que só HDMI, são quatro, evita muito o tira e põe de cabos, o tempo todo.",1,subjetiva
97,0_309874.txt,"No video game surpreende pela qualidade dos gráficos, que ficaram muito lindos em 1080i, neste aparelho de TV.",1,subjetiva
98,0_309874.txt,"Não esquenta nada, e tem um maravilhoso, contraste, que pode ser alterado por uma função que o expande ainda mais!",1,subjetiva
99,0_309874.txt,"Bom se alguem precisa de um aparelho de TV, muito bom e barato, este é recomendado por mim com avaliação muito boa!",1,subjetiva
100,0_31035.txt,muito boa qualidade e preço e muitas funçoes; Lcd; Durabilidade; caracteristicas,1,subjetiva
101,0_31205.txt,"Bonito design, nitidez das imagens, som explêndido.",1,subjetiva
102,0_31205.txt,Super controle remoto.,1,subjetiva
103,0_313203.txt,Não há possibilidade de comprar esse produto.,-1,subjetiva
104,0_313203.txt,Por se tratar de um Sony achei que seria uma ótima opção pois tive um Sony Ericsson 580i e gostei de mais... esse porém é um desastre!,-1,subjetiva
105,0_313544.txt,Bom,1,subjetiva
106,0_315221.txt,"Muito bacana, a tv é ótima.",1,subjetiva
107,0_315221.txt,Imagens linda em HD.,1,subjetiva
108,0_315221.txt,"Quem tem Sky HD conectada nessa tv, tem um cinema em casa é um espetáculo.",1,subjetiva
109,0_315376.txt,Otima para assistir DVD e video game!,1,subjetiva
110,0_316406.txt,"existem dois modelos do antigo galaxy tab:o gt p-10000 que vem com tv digital,3g,wifi eo gt p1010 que só tem wifi,o meu é o mais completo que é o qie eu recomendo comprar.",1,subjetiva
111,0_316406.txt,Tenho ele a alguns meses e não me arrependo.,1,subjetiva
112,0_316406.txt,Ja estou até afim de comprar o novo de 7 polegadas com android 3.2 mas tenho dó de desfazer-me do meu porque o novo não tem tv.,1,subjetiva
113,0_316406.txt,Mas eu recomendo!,1,subjetiva
114,0_316406.txt,!,1,subjetiva
115,0_319653.txt,não fiquei satisfeita.,-1,subjetiva
116,0_319653.txt,"Inclusive li outras opniões, que foram bastante positivas, mas provavelmente de pessoas que não sabem o que é uma boa teevisão.",-1,subjetiva
117,0_319653.txt,Acabei passando pra meu filho de 08 anos que não entende bem diferenciar o bom do ruim.,-1,subjetiva
118,0_319658.txt,bom.ouço muitos elogios sobre o produto.,0,objetiva
119,0_319658.txt,só me falta a prática de usar suas funções.,0,objetiva
120,0_320601.txt,"ótimo produto, lindo design, vale a pena adquirir.",1,subjetiva
121,0_325417.txt,"Estou afim de comprar um tablet samsung galaxy, mas as avaliações que venho olhando não são das melhores o que diminui mais ainda as chances deu comprá-lo.",-1,subjetiva
122,0_325417.txt,"ou seja, vai ser o jeito eu comprar um tablet da Apple.",-1,subjetiva
123,0_325417.txt,"tenho um samsung galaxy 5, e ele é ótimo, por isso gostaria de trocar de produto, mas continuar com o mesmo sistema operacional.",-1,subjetiva
124,0_325572.txt,que unaca coisa que ele é muito bom,1,subjetiva
125,0_327580.txt,"Quando recebemos o produto, meu filho ficou muito satisfeito e eufórico.",-1,subjetiva
126,0_327580.txt,"Foi pra ele que o compramos, porém hoje (oito meses após a aquisição), vejo que o produto não cumpre o que promete: é muito lento, vive travando e há poucos dias pifou.",-1,subjetiva
127,0_327580.txt,Não consigo ligar de maneira nenhuma.,-1,subjetiva
128,0_328045.txt,Custo-benefício insatisfatório até o momento.…,-1,subjetiva
129,0_32967.txt,"Achei um produto perfeito, quando fui comprar um aparelho de celular cheguei na loja com um outro modelo em mente.Mas, qndo o vi minha opnião mudou na hora.",1,subjetiva
130,0_33027.txt,"Leve, facil de manusear, prático, super fino, não incomoda no bolso,seguro, nao cogitado para roubo, este sim é o Celular de verdade",1,subjetiva
131,0_333910.txt,"Uma verdadeira Ferrari, mas que só anda com combustivel Apple.",1,subjetiva
132,0_333926.txt,Tudo que eu tenho a dizer ele é Otimo,1,subjetiva
133,0_334102.txt,Na minha opinião o produto oferece ótimo custo benefício e o investimento vale a pena.,1,subjetiva
134,0_334108.txt,"otimo brinquedo, devido ao custo beneficio,é o que tem de melhor no mercado",1,subjetiva
135,0_334317.txt,"No geral, acho um equipamento excelente.",1,subjetiva
136,0_334317.txt,"A ausência do 3G desta versão deve ser observada, pois pode fazer falta para quem deseja utilizar aplicativos de mapas que exigem conexão ou qualquer aplicativo que faz uso da rede, na rua ou em lugares sem internet via wifi.",1,subjetiva
137,0_334317.txt,A bateria tem duração média de pouco mais que 1 dia em uso constante.,1,subjetiva
138,0_334317.txt,O uso de jogos com gráficos avançados podem diminuir este tempo.,1,subjetiva
139,0_334317.txt,Leva entre 1 e 2h para carregar e pode ser utilizado normalmente enquanto carrega (perto da tomada).,1,subjetiva
140,0_334317.txt,"Exige muito pouco conhecimento técnico do usuário para a maioria das tarefas de configuração e utilização, facilitando o uso do equipamento por pessoas de qualquer idade.",1,subjetiva
141,0_334317.txt,"Para pessoas que desejam utilizar para trabalhos de faculdade ou criação de documentos que exigem formatação detalhada, não recomendo devido a ausência de um pacote Office 100% compatível (previsto para Novembro/12).",1,subjetiva
142,0_334317.txt,"Você pode produzir os textos facilmente, inclusive utilizando um teclado sem fio (vendido separadamente), mas não conseguirá formatar este texto corretamente.",1,subjetiva
143,0_334317.txt,"O equipamento substitui facilmente um notebook/netbook para a grande maioria das pessoas, porém, a conectividade pode dificultar algumas coisas simples como transferir um arquivo para/de um pendrive ou imprimir um documento, devido a ausência de portas USB.",1,subjetiva
144,0_334317.txt,"Tudo deve ser feito via rede sem fio, mas com o tempo isso passa a não fazer diferença.",1,subjetiva
145,0_334345.txt,"Adquiri esse tablet para utilizar como parte de um sistema de segurança que implantei na minha casa, ele roda um programa de android especifico, mais ja mexi muito nele e gostei, apesar da tela emperrar com o dedo, ele é excelente com a stylus que vem junto, roda os jogos de android numa boa.",1,subjetiva
146,0_334345.txt,e o melhor nao tem as cameras que atrapalham e consomem muita bateria.,1,subjetiva
147,0_335197.txt,"Bem se você pretende apenas acessar e-mails, ver fotos e escutar musica ele da pro gasto.",-1,subjetiva
148,0_335197.txt,"Porem, não espere muito dele, como seu processador é meio fraquinho ele peca ate na exibição de arquivos pdf.",-1,subjetiva
149,0_335209.txt,Atende as necessidades não sendo de uma marca famosa e sem precedentes.,1,subjetiva
150,0_335209.txt,Acessorios deixam a desejar.,1,subjetiva
151,0_348508.txt,"Belo produto, mas procure com outro processador o amd e muito lento!!",1,subjetiva
152,0_348508.txt,!,1,subjetiva
153,0_349499.txt,Positiva - Portabilidade Negativa - Peso.,-1,subjetiva
154,0_349499.txt,Deveria ser mais leve,-1,subjetiva
155,223523543543.txt,"O que gostei: Beleza, facilidade pelo teclado, muitas opções de uso; Excelente qualidade, preço muito bom.",1,subjetiva
156,223523543543.txt,Recomendo,1,subjetiva
157,0_350191.txt,este modelo para mim só tem boniteza.,1,subjetiva
158,0_35519.txt,"Uma tv moderna com designer espetacular , funcionalidade otima e algumas funções para quem quer ver um programa e quer gravar para ver maistarde",1,subjetiva
159,0_360276.txt,Comprei pensando ser ô celular mas foi uma enorme decepção.,-1,subjetiva
160,0_360512.txt,quase bom,-1,subjetiva
161,0_361312.txt,"Péssimo, não vale apena.",-1,subjetiva
162,0_36186.txt,"A TV é linda e com ótimo custo benefício, imagem perfeita, consegui ajustes excelentes com sinal SD, com sinal Full Hd enão é de babar.",1,subjetiva
163,0_36186.txt,Comprei pessoalmente na FastShop de BH e consegui excelente preço.,1,subjetiva
164,0_362448.txt,"Fina, elegante e barata.",1,subjetiva
165,0_362448.txt,"TV perfeita pra quer quer um pouco mais de qualidade com um preço mais acessivel, mais não espere muita coisa não.",1,subjetiva
166,0_362616.txt,"Para as minhas necessidades, ficou muito bem.",1,subjetiva
167,0_362616.txt,"Boa para jogar, imagem linda, me irrita um pouco não poder aumentar as cores sem o barulho chato e o som ser abafado, mas no geral tem um excelente custo beneficio.",1,subjetiva
168,0_366775.txt,Custo beneficio é bom até o momento.,1,subjetiva
169,0_36679.txt,o rpoduto e bom so que nao e tao resistente,1,subjetiva
170,0_36871.txt,"Produto moderno, eficiente e de boa qualidade",1,subjetiva
171,0_370169.txt,É  BOM  PRODUTO E  GOSTARIA DE MELHORIA EM UMA BATERIA DE   LONGA DURAÇÃO,1,subjetiva
172,0_37019.txt,"Um dos melhores celulares que ja tive, em se tratando de celular, pois eh fino.",1,subjetiva
173,0_370761.txt,Parece que estou sozinho para reclamar.,-1,subjetiva
174,0_370761.txt,"O meu é uma lastima o wi fi, já levei a assistencia técnica e nada mudou, aumentei minha conexão e o problema persiste.",-1,subjetiva
175,0_370761.txt,Não recomendo.,-1,subjetiva
176,0_370761.txt,"A Samsung é muito boa em TV mas, em notbook...",-1,subjetiva
177,0_37463.txt,"excelente produto, recomendo a todos, perfeita pra sala pequena ou quarto.",1,subjetiva
178,0_37632.txt,"O mais bonito desing do mercado,ótimo produto,seria perfeito se tivesse conversor",1,subjetiva
179,0_376607.txt,"Bom Preço, Bom Processador, Ótima memoria de HD e memoria RAM",1,subjetiva
180,0_379753.txt,"O computador em si é bom, roda rápido (inclusive jogos), e executa todas as tarefas sem travar.",1,subjetiva
181,0_379753.txt,A memória de 4 GB permite rodar multitarefas tranquilo.,1,subjetiva
182,0_379753.txt,O problema é a assistência HP.,1,subjetiva
183,0_379753.txt,Precisei dela para dois problemas prosaicos: o teclado não era reconhecido e não deixava a máquina inicializar e depois o som saía pelos fones de ouvido e pelos alto falantes embutidos ao mesmo tempo.,1,subjetiva
184,0_379753.txt,Nos dois casos a HP mandou apagar os drivers e atualizar o BIOS.,1,subjetiva
185,0_379753.txt,Isso me faria perder absolutamente tudo o que já tinha instalado e os arquivos que eu tinha transferido.,1,subjetiva
186,0_379753.txt,"Questionados se isso resolveria mesmo os problemas, os consultores respondem: bem, se isso não resolver a máquina deve ser encaminhada para assistência.",1,subjetiva
187,0_379753.txt,"No fim, bastava trocar o dongle (receptor sem fio do teclado e ajustar a saída de som do Skype.",1,subjetiva
188,0_379753.txt,A conclusão era que eu ia perder tudo da memória duas vezes para nada.,1,subjetiva
189,0_382292.txt,"Se arrependimento matasse, eu estava morta!",-1,subjetiva
190,0_382292.txt,"Lindo e com uma configuração muito boa para uso doméstico, tive problemas com ele já nos primeiros meses.",-1,subjetiva
191,0_382292.txt,"Vencida a garantia de 1 ano, passadas umas semanas, o computador simplesmente pifou.",-1,subjetiva
192,0_382292.txt,"Já tem pelo menos 1 semestre que ele virou enfeite de mesa, porque ele não funciona e a autorizada que eu levei da outra vez, fechou.",-1,subjetiva
193,0_383222.txt,"1000, pois perde no design para o conocrrente iMac",-1,subjetiva
194,0_388089.txt,"Ótimo produto mas necessita aquisição de memória à parte, no mais é um ótimo equipamento.",1,subjetiva
195,0_392344.txt,COMPREI UMA CAMERA DIGITAL (FUJI S4500)  NO SUBMARINO EM 01/12/2012.,-1,subjetiva
196,0_392344.txt,A PREVISÃO DE ENTREGA DADA PELO SITE AO EFETUAR A COMPRA FOI DE 12 DIAS.,-1,subjetiva
197,0_392344.txt,"AO ACOMPANHAR O PEDIDO NO SITE APÓS O PAGAMENTO (NO BOLETO BANCÁRIO), ESTA PREVISÃO SE ESTENDEU POR 26 DIAS.",-1,subjetiva
198,0_392344.txt,"POR ISTO, VAI UM AVISO A QUEM QUEIRA ADQUIRIR UM PRODUTO PARA QUE CHEGUE ANTES DO NATAL, NÃO COMPRE NO SUBMARINO E NÃO CONFIEM NA PREVISÃO QUE É DADA POIS, PARA VENDEREM FAZEM DE TUDO, AGORA PARA ENTREGAREM......SOMENTE DE JEGUE.......SUBMARINO NÃOOOO!!!",-1,subjetiva
199,0_392344.txt,!,-1,subjetiva
200,0_39425.txt,"Excelente PIM, péssimo telefone, se pensa em unir um gerenciador de informações pessoais com um celular, o mau desempenho do celular não compensa!",-1,subjetiva
201,0_39574.txt,Acredito que foi o último telefone da linha que não possui cartão de memória.,0,objetiva
202,0_39822.txt,muito boom exelente kkkk    k k k k k  kkkkk k k k k k k k  k k k k k  k k k,1,subjetiva
203,0_40108.txt,"Quando decidi que era este o produto, eu já estava satisfeita com as suas funcionalidades e passei a comparar preço nas lojas.",1,subjetiva
204,0_40108.txt,"Quando recebi em casa, o produto me encantou ainda mais.",1,subjetiva
205,0_40108.txt,"É mais compacto do que eu imaginava, seus botões e imagens são realmente intuitivos e o manual é tão completo que é preciso conter a vontade de partir logo para a utilização.",1,subjetiva
206,0_40322.txt,O produto é bom mas falta assistencia tecnica séria na região.,1,subjetiva
207,0_403368.txt,Maravilhoso!!,1,subjetiva
208,0_403368.txt,!,1,subjetiva
209,0_403495.txt,não tenho experienciaalguma..mas meu amigo tem e eu amei..pedi emprestado por um dia..meu sonho e ter um...,1,subjetiva
210,0_404246.txt,Estou avaliando a possiblidade de compra de um Galaxy Note II 10.1. comprando com outros modelos.,0,objetiva
211,0_404246.txt,Algusm amigos já possuem e estão satisfeitos com esse Tablet.,0,objetiva
212,0_404273.txt,Estou louco por este Ipad!!!!!!,1,subjetiva
213,0_404273.txt,Gostaria muito de ter ele!!!,1,subjetiva
214,0_404273.txt,"Apesar de não ter, recomendo sim este produto!",1,subjetiva
215,0_404273.txt,"É lindo, chique, prático e incrivel!!!!!",1,subjetiva
216,0_404273.txt,Quero muito O Ipad 4,1,subjetiva
217,0_405159.txt,"Prático, Design clean e hardware de altíssima qualidade",1,subjetiva
218,0_405256.txt,"Muito Bom , de baixo custo e com bastante funçoes...",1,subjetiva
219,0_405432.txt,"ESTE APARELHO ACABA A BATERIA MUITO RAPIDO,O ACESSO AS FERRAMENTAS DO APARELHO É CONFUSO DO NADA APAGA A TELA MESMO ABILITADO PARA DURAR MAIS TEMPO.",-1,subjetiva
220,0_405432.txt,O ACESSO PARA DESBLOQUEAR O TECLADO É PESSIMO,-1,subjetiva
221,0_405735.txt,"Eu ainda não tenho mas meus amigos comprara, então comecei a mexer e adorei!!!!!!",1,subjetiva
222,0_405735.txt,!,1,subjetiva
223,0_405958.txt,excelente!!!,1,subjetiva
224,0_405958.txt,última geração!,1,subjetiva
225,0_406239.txt,Quebrou com menos de 2 meses de uso.,0,objetiva
226,0_407640.txt,"O tablet sansung P5110 é muito bom, un designe lindo, super fino, bem leve.",1,subjetiva
227,0_407640.txt,"a resposta é muito boa, as paginas correm muito bem , sem travar o preço ainda esta um pouco salgado , mas vale a pena.",1,subjetiva
228,0_407640.txt,Na minha opinião é o melhor tablet depois da Apple,1,subjetiva
229,0_407715.txt,"Excelente equipamento, veio em uma versao com tela menor porem com recursos que fazem valer o nome Galaxy Comprarei e recomendo",1,subjetiva
230,0_40804.txt,"Muito lindo chegando junto com o concorrente da LG KB775F SCARLET PHONE e Samsung SGH-V805  ;   SGH-I6210  ;  V820L,   que também dispõem da tecnologia de TV Digital no Celular.",1,subjetiva
231,0_412397.txt,"OLÁ COLEGAS, QUERO DEIXAR AQUI A MINHA INDIGNAÇÃO COM A EMPRESA DL, COMPREI UM TABLET DA MESMA E APRESENTOU DEFEITO NA TELA, ENTREI EM CONTATO COM O SAC E FUI ORIENTADO A ENVIAR O PRODUTO A FABRICA, PASSADOS 30 DIAS, ME LIGAM DIZENDO  QUE TENHO QUE PAGAR PELO REPARO ( VALOR 130,00 ), DETALHE SÓ LIGARAM APÓS UMA COBRANÇA DA MINHA PARTE SOBRE A SITUAÇÃO DO PRODUTO, AGORA PERGUNTO: COMPREI UM PRODUTO NOVO, COM GARANTIA,  PORQUE TENHO QUE PAGAR MAIS POR ISSO,  A DL ALEGA QUE EU QUEBREI O APARELHO, INFELIZMENTE ANTES DE COMPRAR SÓ VISITEI O SITE DA EMPRESA QUE CONFESSO ME SENTI SEGURO QUANTO A COMPRA, MAS HOJE VISITANDO SITES COMO O RECLAMEAQUI.COM.BR,  E LENDO DEPOIMENTOS  DE PESSOAS  LESADAS PELA DL, PERCEBO A BESTEIRA QUE FIZ, POR ISSO COLEGAS NÃO RECOMENDO A COMPRA DE PRODUTOS DESSA EMPRESA, ACREDITE SE PRECISAR DE ASSISTENCIA VOCE ESTARA SOZINHO.",-1,subjetiva
232,0_412857.txt,"Digamos que ele e um tab essencial para navegação na internet, rodar alguns apps,editar documentos,ver filmes,o tamanho da tela dele é muito bom, da para ter uma visao ampla,apesar dele ser muito pesado e deixar a mao um pouco cansativa, o preço dele e muito elevado aos concorrente com o mesmo desempenho,ou ate melhores!",-1,subjetiva
233,0_413911.txt,Meu aluno comprou o computador ALL-IN-ONE HP e reclama demais da velocidade com que abre alguns programas convencionais sob plataforma Windows 7 .,-1,subjetiva
234,0_413911.txt,PRecisava aumentar velocidade de processador e suas memórias SDRAM e NAND FLASH.,-1,subjetiva
235,0_416243.txt,"Pela aparência e características parece ser um bom produto, de grande utilidade, ocupa pouco espaço e tem um designer atraente, porém o meu veio com alguns problemas, bom ao meu ver isso é um tipo de problema que mesmo tento todo apoio e assistência não funcionou muito, ele fica atualizando constantemente, mesmo fazendo vários ajustes oferecidos pelos técnicos da Hp e por outros que entendem melhor do que eu ele sempre volta a ficar atualizando, e isso as vezes demora horas e detalhe isso é quase todo dia e tem dias que é toda vez que ligo, quando vou desligar haja espera.",1,subjetiva
236,0_416243.txt,No restante funcionou bem.,1,subjetiva
237,0_416243.txt,"Pra dizer a verdade fiquei satisfeito com o atendimento da HP, pacientes, educados e o melhor estão realmente disposto a ajudar, retornam as ligações e fazem uma boa pesquisa de campo e fornecem instruções detalhadas.",1,subjetiva
238,0_420494.txt,"O produto é regular, já que fica lente constantemente e trava quando utilizado a tecla virtual.",-1,subjetiva
239,0_422280.txt,"Comprei dois tablets multilaser um da linha Diamond (16/02/13 ) e o outro linha  Vibe ( dia 13 /12/12), dei para minha filha e sobrinha, o das duas não carregam bateria, não funciona o fone.",-1,subjetiva
240,0_422280.txt,"São tablets recém adquiridos e estão com esta situação, fomos nas lojas que compramos e lá dizem que é para entrar neste site para ter maiores informações.",-1,subjetiva
241,0_422280.txt,Não posso levar em qualquer lugar para arrumar .,-1,subjetiva
242,0_422280.txt,Alem destas duas crianças mais um amiguinha comprou igual e está com o mesmo problema.,-1,subjetiva
243,0_422280.txt,"Posso garantir que os dois aparelhos estão em perfeito estado, devido aos cuidados com os mesmos.",-1,subjetiva
244,0_422280.txt,E pergunto que faço ???,-1,subjetiva
245,0_422280.txt,Quem se responsabiliza. ?,-1,subjetiva
246,0_422280.txt,Aguardo retorno urgente.,-1,subjetiva
247,0_43015.txt,Produto satisfatório.,1,subjetiva
248,0_43015.txt,Bom custo benefício.,1,subjetiva
249,0_43138.txt,excelente,1,subjetiva
250,0_431873.txt,"produto de custo beneficio excelente,mas so para navegar e pequenos trabalhos.",1,subjetiva
251,0_434080.txt,"comprei uma tv60lg modelo ls5700 em menos de 20 dias apresentou problemas, não aparece imagem somente som um produto tão caro e de alta tecnologia e com qualidade duvidosa, menos mal que a fabrica se prontificou e efetuou a troca do aparelho mesmo fora do prazo de 7 dias uteis, porque se dependesse da loja WALMART  ainda estaria com a mesma tv só teria enviado a assistência técnica, não recomendo este modelo.",-1,subjetiva
252,0_434338.txt,ja tenho uma tv dessa marca e estou satisfeita,1,subjetiva
253,0_437986.txt,"imagem excelente,consumo baixo,varias entradas hdmi mas o smart faz passar raiva nem uso:falha a conexão com roteador,digitar com controle é insuportável,só aceita mouse e telhado original,falta memoria...",-1,subjetiva
254,0_438370.txt,"O televisor é bonito, o preço que paguei foi excelente e pelas funcionalidades, foi um ótimo custo-benefício.",1,subjetiva
255,0_438370.txt,Atendeu muito bem minhas necessidades e substituiu de forma avassaladora minha antiga televisão de tubo.,1,subjetiva
256,0_438370.txt,Tem as principais conexões atuais.,1,subjetiva
257,0_438370.txt,"O pior ponto negativo é a qualidade do som, é horrível.",1,subjetiva
258,0_438370.txt,"No início achei difícil, mas acostumei.",1,subjetiva
259,0_438370.txt,"Mas ainda assim, é realmente desastroso.",1,subjetiva
260,0_438370.txt,"Poderia também executar vídeos direto do pen drive, assim a porta USB seria melhor aproveitada.",1,subjetiva
261,0_438370.txt,"Não arrependi pela compra, é uma boa opção para quem não é muito exigente e não quer gastar muito.",1,subjetiva
262,0_441463.txt,e a pior tv que já tive com 30 dias a placa do controle remoto estragou ficou 30 dias na autorizada o som e muito baixo,-1,subjetiva
263,0_441915.txt,Uma TV Completa Dentro de um Padrão Básico.,-1,subjetiva
264,0_441915.txt,Para Quem Quer uma TV Grande e Que Não Tenha Muitas Funções.,-1,subjetiva
265,0_441915.txt,"Seu Pior Ponto Negativo é o Som, pois Pelo Preço, deveria ser de Ótima Qualidade, com ele você não escuta corretamente os Graves e Agudos, Pois sua potência é Péssima, chegando a parecer que o Problema é da própria TV.",-1,subjetiva
266,0_44323.txt,"Excelente produto, menu simples, bons recursos no aparelho.",1,subjetiva
267,0_44323.txt,Visor muito bom.,1,subjetiva
268,0_44372.txt,UM PRODUTO DE MUITA TECNOLOGIA E QUALIDADE  MUITO PRATICO POISÉ DE MUITO FACIL USO ALEM DE TODA TRADIÇÃO E CONFIANÇA SONY ERICSSON,1,subjetiva
269,0_452214.txt,isso aí,0,objetiva
270,0_452576.txt,"É uma TV bonita, mas deixa  a desejar em qualidade de som.",-1,subjetiva
271,0_452576.txt,O som é fundamental em uma TV.,-1,subjetiva
272,0_452576.txt,Tenho outra da Samsung e dá pra comparar a qualidade: a da Samsung é infinitamente superior.,-1,subjetiva
273,0_46147.txt,MUITO BOM E DE FÁCIL MANUSEIO,1,subjetiva
274,0_46177.txt,"Um lixo, ruim de pegar sinal, a tela dele é horrível, a câmera é pior do que a do meu chinelo.",-1,subjetiva
275,0_4881.txt,Televisão com imagem e som de ótima qualidade!,1,subjetiva
276,0_4881.txt,Tela plana e 21 polegadas.,1,subjetiva
277,0_4881.txt,Som estéreo e opções SAP.,1,subjetiva
278,0_4881.txt,Muito facil instalação e uso.,1,subjetiva
279,0_4881.txt,Controle remoto simples e garantia que só a Toshiba tem..,1,subjetiva
280,0_59131.txt,"QUANDO ESCOLHI O  PRODUTO CONSIDEREI APENAS O PREÇO POR SER O MAIS ACESSÍVEL, PORÉM AO RECEBER O PRODUTO TIVE A CERTEZA QUE ALÉM DO PREÇO HAVIAM MAIS VANTAGENS TINHA ESCOLHIDO UM PRODUTO DE QUALIDADE.",1,subjetiva
281,0_59255.txt,Recomendo a quem quer um produto simples e eficiente,1,subjetiva
282,0_6057.txt,"Essa máquina tem tudo que eu precisava, além de ser facil de usar a qualidade das fotos e dos vídeos são ótimas!!",1,subjetiva
283,0_6057.txt,!,1,subjetiva
284,0_61894.txt,"exelente facil de manejar, principalmente para um principiante como eu gostei muito estou satisfeito com a aquisição.",1,subjetiva
285,0_62087.txt,exelente imagem desempenho otimo design muito linda,1,subjetiva
286,0_64202.txt,Pelo custo benefício é ótimo.......,1,subjetiva
287,0_64461.txt,Produto muito bom !,1,subjetiva
288,0_66739.txt,pc bom para os afazeres diarios mas deixa a desejar para jogos,1,subjetiva
289,0_66893.txt,Faz pouco tempo que tenho o pc da positivo apesar de esquentar um pouco eu achei ele ótimo!,1,subjetiva
290,0_69085.txt,positiva.,1,subjetiva
291,0_69202.txt,Apresentação e qualidade das fotos e videos excelentes.,1,subjetiva
292,0_69202.txt,"Pelo preço, comparado a produtos similares deveria acompanhar cartão de memória.",1,subjetiva
293,0_69202.txt,"Equipamentos virou do tripé de fixação a uma altura de 10 cm e trancou a objetiva, tendo que ser levada a assistência técnica, pois dava mensagem de erro ao tentar ligar.",1,subjetiva
294,0_70173.txt,otimo funcianamento,1,subjetiva
295,0_70241.txt,estou comprando outro para meu filho,0,objetiva
296,0_7236.txt,"A nokia fun camera (acessorio) tem otima resolução alem de ter flash (os celulares com camera integrada não tem flash), os toques polifonicos tem bom volume, viva voz e alem de não ser pesado e não me arrependo de te-lo comprado!!",1,subjetiva
297,0_7236.txt,!,1,subjetiva
298,0_7248.txt,Excelente !!!,1,subjetiva
299,0_7248.txt,"Recursos jamais vistos juntos em um único celular: Câmera digital de 2.0 Mega Pixels, filmadora digital, rádio FM, gravador, MP3, etc...",1,subjetiva
300,0_7813.txt,"Pesquise bastante e achei esse o produto com melhor custo beneficio, pois tenho controle emoto simplificado, conectores para o proncipais aparelhos como dvd e vídeo de fácil instalação, boa imagem e opcionais como: relógio, agenda telefonica e muito mais.",1,subjetiva
301,0_78167.txt,UM PRODUTO COM PREÇO EXCELENTE E D BOA QUALIDADE,1,subjetiva
302,0_78324.txt,"Gostei muito desta maquina, pelo seu custo benefício.",1,subjetiva
303,0_83463.txt,"A fabrica para reduzir custos (imagino eu) baixou a qualidade de seus cadernos de instruções, remetendo apenas o caderno simplificado.",-1,subjetiva
304,0_83463.txt,Considerando o custo/beneficio ainda assim acho que se equiparam.,-1,subjetiva
305,0_83463.txt,Deveria ter esperado mais um pouco para adquirir uma TV LCD.,-1,subjetiva
306,0_83833.txt,"Preço alto, com retorno não esperado",-1,subjetiva
307,0_84447.txt,Produto extremamente saudável para um PC de baixo custo.,1,subjetiva
308,0_84447.txt,Excelente para Atividades empresariais que requerem menor consumo de processamento.,1,subjetiva
309,0_85460.txt,"É um computador para quem quer tunar mais para frente ele atende o dia, mais anida é fraco para gamer mais só falta uma placa de video para atender o basico.",1,subjetiva
310,0_86067.txt,Só recomendo para quem quer portabilidade muito mais do que um minimo de desempenho,-1,subjetiva
311,0_86314.txt,O produto atende de modo bastante completo a minha expectativa que eu tinha em relação ao mesmo.,1,subjetiva
312,0_86314.txt,Estou satisfeito com a aquisição.,1,subjetiva
313,0_87077.txt,Esta teve é uma otima tv lcd em relação ao custo beneficio.,1,subjetiva
314,0_87192.txt,"em poucas palavras, o botão de sintonizar, preciza ser mais macil.",-1,subjetiva
315,0_87348.txt,"A apple zela por seu nome, um excelente computador com design maravilhoso e um sistema operacional super leve, foi a primeira vez que utilizo o sistema Mac e não quero saber de outro sistema operacional.",1,subjetiva
316,0_87870.txt,"o produto é muito bom, atende as espctativas de que estuda ou trabalha é precisa de um net, para estar conectado",1,subjetiva
317,0_88420.txt,bom e caro,-1,subjetiva
318,0_88598.txt,nada a declarar,0,objetiva
319,0_95130.txt,maravilhoso...dentro do esperado,1,subjetiva
320,0_95240.txt,"maravilhoso, configuração pefeita do jeito que a gente precisa.",1,subjetiva
321,0_9974.txt,"É um bom produto, apesar de apesar da lentidão para iniciar alguns aplicativos  .Tem um design interessante e a bateria dura bastante",1,subjetiva
322,1_105475.txt,"Me parece uma maquina interessante, só o preço que ainda está salgado, vou aguardar um pouco para comprar",1,subjetiva
323,1_107199.txt,deixou muito a desejar,-1,subjetiva
324,1_149561.txt,"produto de excelente qualidade, fácil manuseio.",1,subjetiva
325,1_149843.txt,"Câmera bonita, com tecnologia touch screen, leve, pequena até.",1,subjetiva
326,1_149843.txt,Porém a imagem não sai muito boa quando tirada na claridade.,1,subjetiva
327,1_149843.txt,"A lente dela tem que estar bem direcionada, focada, para não haver sombra e estragar a foto, ela fica escura, como  se manchada nas laterais da imagem.",1,subjetiva
328,1_149843.txt,"Para quem quer uma câmera barata com uma boa bateria, ela é ótima, mas a imagem deixa a desejar de dia.",1,subjetiva
329,1_149843.txt,No escuro o flash cumpre com todos os requisitos.,1,subjetiva
330,1_152180.txt,negativa.,-1,subjetiva
331,1_152180.txt,"conector vga, somente 1.",-1,subjetiva
332,1_153631.txt,Péssimo produto.,-1,subjetiva
333,1_153631.txt,Nem a assistência técnica sabe resolver.,-1,subjetiva
334,1_153631.txt,Disseram que os problemas são do próprio aparelho.,-1,subjetiva
335,1_158870.txt,Um otimo produto a camera digital eu recomendo,1,subjetiva
336,1_160932.txt,"gostei,mas a loja poderia por mais opçoes de cores do produto",1,subjetiva
337,1_177362.txt,Levem também em consideração o Atendimento ao consumidor na hora da sua escolha.Comprei um netbook Philco em nov/2010.,0,objetiva
338,1_177362.txt,Dois meses depois ele apresentou mau contato no carregador.,0,objetiva
339,1_177362.txt,"Levei a uma assistência técnica que o devolveu 20 dias depois, com a placa-mãe trocada e com o MESMO DEFEITO.",0,objetiva
340,1_177362.txt,Deixei novamente na assistência por mais 7 dias.,0,objetiva
341,1_177362.txt,"Constatei, em casa, que a placa de vídeo não estava configurada e o WI-FI não funcionava mais.",0,objetiva
342,1_177362.txt,A assistência devolveu com NOVOS defeitos.,0,objetiva
343,1_177362.txt,Deixei novamente para conserto no dia 8/fevereiro.,0,objetiva
344,1_177362.txt,"Entrei em contato com a Philco (protocolos 724344 de 09/fev e 735967 de 18/fev), passados 30d não recebi nenhum retorno da Assistência ou da Philco.",0,objetiva
345,1_177362.txt,Solicitei o reembolso do meu dinheiro em 11/março.,0,objetiva
346,1_177362.txt,No dia 19 liguei para pedir uma posição e a Philco disse que sua posição final era de que não devolverá meu dinheiro.,0,objetiva
347,1_177362.txt,Isso é ilegal e estou precisando acionar Procon e Justiça.,0,objetiva
348,1_193469.txt,"Tenho minhas dúvidas quanto a marca do aparelho, o som por exemplo é muito baixo.",-1,subjetiva
349,1_293032.txt,"Em um ano 3 vezes na assistencia técnica para trocar a placa mãe 3 vezes, agora acabou a garantia os problemas continuam mas agora tenho que me virar para fazê-lo funcionar é como um doente sendo remediado esperando a sua hora.",-1,subjetiva
350,1_293032.txt,Sobre minha experiência com essa marca só tenho a dizer que quero passar longe em compras futuras pois o problema só foi empurrado com a barriga até que o abacaxi acabasse de vez em minhas mãos.,-1,subjetiva
351,1_293032.txt,Não me senti respeitado como consumidor.,-1,subjetiva
352,1_301639.txt,melhorando a placa de video ficaria maravilhoso para trabalhos de desenho grafico e cartografico.,1,subjetiva
353,1_308880.txt,Bom produto .,1,subjetiva
354,1_334784.txt,"No geral, a tablet fica abaixo do esperado, pq não tem bom hardware, sofre com lentidão na resposta, a câmera é ruim e bateria mediana.",-1,subjetiva
355,1_334784.txt,O que se salva é a grande variedade dos apps do sistema Android e a liberdade em manipular arquivos do pc com a tablet.,-1,subjetiva
356,1_335685.txt,Excelente produto para manter a pessoa conectada ao mundo da internet.,1,subjetiva
357,1_338477.txt,É UM OTIMO APARELHO PARA QUEM QUER CUSTO BENEFICIO,1,subjetiva
358,1_338983.txt,"Custo Beneficio razoável, tablets com mais recursos na mesma faixa de preço",-1,subjetiva
359,1_355682.txt,"apesar do alto valor , configuração excelente",1,subjetiva
360,1_35681.txt,Seu primeiro Note!!!,1,subjetiva
361,1_35681.txt,Tá ai...aproveite o preço e passe o carnaval de maquina nova!!,1,subjetiva
362,1_35681.txt,!,1,subjetiva
363,1_38121.txt,Com exatamente 2 meses de uso o equipamento apresentou defeito e foi enviado para a autorizada.,-1,subjetiva
364,1_38121.txt,A autorizada falou que a placa mãe deveria ser substituída e que demoraria de 10 a 30 dias para o envio da peça mais o tempo de troca da placa.,-1,subjetiva
365,1_38121.txt,"Resultado, preciso do computador para trabalhar e provavelmente vou ficar mais de 1 mês sem ele.",-1,subjetiva
366,1_38121.txt,"Comprei ele no ponto frio por R$1850,00.",-1,subjetiva
367,1_64179.txt,"É um produto de muita qualidade, uma marca confiável.",1,subjetiva
368,1_64179.txt,"A duração da bateria é ótima, capaz de ficar até 4 dias com a mesma carga.",1,subjetiva
369,1_64179.txt,Adorei esse aparelho RECOMENDO!,1,subjetiva
370,1_64761.txt,Após 5 dias de uso começou a travar ao ligar apresesentando o logo da Samsung .,0,objetiva
371,1_64761.txt,Tem que tirar a bateria e religar.,0,objetiva
372,1_69675.txt,PERFEITA em todos os quesitos!!!,1,subjetiva
373,1_69675.txt,Ótima aquisição e consegui por um ótimo preço e com garantia na Fast Shop!!!,1,subjetiva
374,1_69675.txt,!,1,subjetiva
375,1_71271.txt,"Assistir filmes full e otima imagem, para jogar video game então nem se fala...",1,subjetiva
376,1_86741.txt,custo beneficio muito bom.,1,subjetiva
377,2_10576.txt,"Pelo preço que está no mercado, vale a pena comprar esta câmera.",1,subjetiva
378,2_10576.txt,"Satisfez todas as minhas expectativas, e se compara com outras câmeras de 4 megapixels muito mais caras.",1,subjetiva
379,2_20309.txt,Engodo completo.,-1,subjetiva
380,2_20309.txt,Para uma câmera com 8.1 megapixels as imagens são ruins.,-1,subjetiva
381,2_20309.txt,As imagens têm uma definição bem inferior à minha câmera de 3.2 megapixels.,-1,subjetiva
382,2_20309.txt,"Tem muitas funções, mas de nada adiantam.",-1,subjetiva
383,2_20309.txt,Trocarei por outra,-1,subjetiva
384,2_248260.txt,"O produto é bom, mas dói pagar o preço cobrado.",1,subjetiva
385,2_328886.txt,"Computador ultrapassado, pesado, e lento.",-1,subjetiva
386,2_342117.txt,Comprei e estou esperando chegar.,1,subjetiva
387,2_342117.txt,"Gosto muito dos produtos Samsung, pois são muito confiáveis, bonitos e com tecnologia de ponta.",1,subjetiva
388,2_342117.txt,"Há muito pensava em adquirir uma câmera nova, mas ainda não havia encontrado uma que atendesse ao requisito de conectividade, com internet, TV e smartphone (possuo um Galaxy SII), então, pesquisando no Buscapé encontrei essa opção com preço muito interessante pelo que proporciona.",1,subjetiva
389,2_363792.txt,"Dirigida a usuários de nível avançado que pretendem assumir os controles da exposição, a Nikon P510 traz também sofisticada automação para os que preferem preocupar-se apenas em clicar, deixando todos os ajustes por conta da câmera.",0,objetiva
390,2_363792.txt,"Recursos como estabilizador, visor eletrônico com diopter, modos de prioridades (abertura e velocidade) e foco manual são muito atraentes mas, atenção, marcam presença na maior parte das câmeras deste tipo.",0,objetiva
391,2_38621.txt,é um produto de muita qualidade e muito eficeiente,1,subjetiva
392,2_46369.txt,se ela não esticesse travando e apagando as fotos seria uma excelente camera,-1,subjetiva
393,2_55322.txt,Comprei e me arrependi.,-1,subjetiva
394,2_55322.txt,A imagem para canais a cabo instalada na entrada de antena é muito ruim.,-1,subjetiva
395,2_55322.txt,Aparecem pixel.,-1,subjetiva
396,2_55322.txt,"A imagem parada é boa (modo filme), mas em movimento é uma tortura assistir.",-1,subjetiva
397,2_55322.txt,A configuração de imagem (tipo modo filme) fica por 30 minutos e retorna ao modo default.,-1,subjetiva
398,2_55322.txt,"Quando desligo, não grava as configurações.",-1,subjetiva
399,2_55322.txt,Arrependido pela aquisição.,-1,subjetiva
400,2_55322.txt,Amanha vou trocar!,-1,subjetiva
401,2_65213.txt,"Otimo aparelho,cumpriu o que prometeu,otimas imagens para filmes e programas e nao deixa na mão quem quer jogar um joguinhu de ultima geração",1,subjetiva
402,7_25647.txt,"Decidi comprar pois tenho vizinhos que tem o mesmo produto, não me informaram nada de negativo na camera",0,objetiva
403,9_378470.txt,Jogando ou assistindo a vídeos a bateria consome muito rapidamente,0,objetiva
404,27_10931.txt,Estou desde o inicio de abril tentando obter o programa e vários subterfúgios estão sendo usados para não disponibilizar o programa.,0,objetiva
405,27_10931.txt,O SAC da Gradiente vem desde 18 de abril de 2006 me prometendo o programa para sincronização com o PC.,0,objetiva
406,5_27912.txt,so falta escolher em qual loja vou comprar esse aparelho!,0,objetiva
407,3_371908.txt,"versatilidade por suportar 4 chips e ter garantia de 1 ano, porém, já está descascando com 1 mês de uso",0,objetiva
408,0_213729.txt,Não posso dar opinião sobre o produto em si pois ainda não o recebi.,0,objetiva
409,1_357211.txt,"shoptime, anuncia o televisor por 512,14 e ao clicar em comprar o mesmo é oferecido por 599,00, quando o cliente entra em contato com o SAC dizem q é erro de digitação.",0,objetiva
410,6_315739.txt,Não temos opnião sobre o produto pois o mesmo não chegou.,0,objetiva
411,9_224271.txt,"Recebi o aparelho de TV  apos a ligação funcionou  5 minutos, aguardo a 9 dias que a loja venha buscar o aparelho para troca o que ainda não  aconteceu.",0,objetiva
412,15_238241.txt,não posso opinar,0,objetiva
413,25_66750.txt,"Comprei a TV para usar no quarto, e quando estiver fixada na parede ocupará um espaço muito pequeno.",0,objetiva
414,5_32654.txt,quero produtos de qualidade com boa aparencia e bem moderno,0,objetiva
415,0_169149.txt,"Se alguém tiver interesse estou vendendo o meu por 250,00, completinho, e ainda está na garantia.",0,objetiva
416,0_169149.txt,"Quem tiver interesse é só falar comigo, mande um e-mail para mim.",0,objetiva
417,0_169149.txt,Meu e-mail é o matheuscarogio@gmail.com,0,objetiva
418,0_66435.txt,nao encontro para comprar o aparelho nem o clip para suporte,0,objetiva
419,minus_1_65006.txt,"estou procurando um notebook para comprar, até o momento estou apenas pesquisando os preços para futuramente comprar",0,objetiva
420,minus_4_24429.txt,não conheço o suficiente para dar um parecer,0,objetiva
421,0_192683.txt,Comprei esse micro no inicio de abril na eletroshopping e veio com defeito.,0,objetiva
422,0_192683.txt,O micro não ligou.,0,objetiva
423,0_192683.txt,Agora estou aguardando a confirmação de estorno.,0,objetiva
424,0_192683.txt,Mas por enquanto não me avisaram nada,0,objetiva
425,0_124616.txt,Preciso de mais tempo,0,objetiva
426,0_25698.txt,"quero saber do preço do celular lg gm210, todas as suas qualidades.",0,objetiva
427,0_241653.txt,Fiquei apenas 3 dias com o aparelho e devolvi,0,objetiva
428,0_292586.txt,Fiquei sabendo de muitas pessoas que compraram esse aparelho que todos dessa linha dão defeito no alto falante,0,objetiva
429,0_353388.txt,"Não tenho o produto, então não posso avaliar.",0,objetiva
430,0_406239.txt,Quebrou com menos de 2 meses de uso.,0,objetiva
431,0_428388.txt,"Eu acho que esta havendo um equívoco no anúncio do site Bondfaro, vcs estão anunciando um produto com foto diferente do que esta nos site de compra, acho melhor vcs verificarem e aguardo retorno do site Bondfaro, pq quero o anúnciado do Bondfaro, igual o da foto.",0,objetiva
432,0_472686.txt,"Não tem Bluetooth, nem vibração!",0,objetiva
433,0_478682.txt,o celular  com pouco tempo de uso ja esta todo descascado,0,objetiva
434,1_152486.txt,O aparelho já apresentou defeito.,0,objetiva
435,1_152486.txt,Estou encaminhando essa semana para a assitência detectar a causa do problema.,0,objetiva
436,1_418360.txt,"Apesar de ter Android e teclado qwerty, o produto tem memória RAM e ROM baixas, trava com a instalação de aplicativos, reinicia sozinho e em pouco tempo de uso o teclado apresenta problemas.",0,objetiva
437,1_430038.txt,Recebi este modelo atravez de um agorado com a LG e com menos de uma semana de uso a bateria ja começou descarregar fora do normal eu passo 12H somente com ele carregado.,0,objetiva
438,2_185789.txt,Segundo pesquisei antes adquirir é um recordista de reclamações por dar defeito e ter assistência técnica somente no Rio.,0,objetiva
